Fund Name,P1,P2,P3,P4,P5,Topsis Scores,Rank
M1,0.3510774374599885,0.3444005875515928,0.4214336606940341,0.6450781672830334,0.3359922875547845,0.650691790531943,2
M2,0.3803338905816542,0.4026091375603127,0.4403038246057073,0.4857239406857994,0.2698079449705219,0.753999640255585,1
M3,0.33017997094451296,0.3007441750450529,0.30192262258677066,0.7155617675087329,0.3530721178991103,0.47290783473090225,6
M4,0.3260004776414179,0.2958934625443262,0.402563496782361,0.649674923819492,0.33492479815826415,0.598650794513678,4
M5,0.3928723704909395,0.42686270006394605,0.22644196694007804,0.9530608552257642,0.45128114237898376,0.37156496806019274,8
M6,0.36779541067236887,0.3735048625559528,0.40885355141958535,0.7891098720920716,0.3979066725529656,0.5186902245476569,5
M7,0.27584655800427665,0.21343135003197303,0.33337289577289264,0.7492713154427632,0.36908445884691576,0.4007001141822976,7
M8,0.3886928771878444,0.41716127506249273,0.21386185766562923,0.5669333061632359,0.28155032833224597,0.6049213808864168,3
